{
    "ID": 0,
    "chalan": "Julio",
    "cooking": true,
    "isFanActive": false,
    "name": "Omar",
    "ordenes": {
        "10": [
            34.0,
            0.29411764705882354,
            [
                1,
                0,
                2
            ],
            1638297057.017616,
            4.0,
            8.5,
            10.0,
            2.5,
            [
                "",
                "gu",
                "ci",
                "ce",
                "to"
            ]
        ],
        "11": [
            34.0,
            0.29411764705882354,
            [
                1,
                0,
                3
            ],
            1638297057.017659,
            4.0,
            8.5,
            10.0,
            2.5,
            [
                "",
                "gu",
                "ci",
                "ce",
                "to"
            ]
        ],
        "12": [
            34.0,
            0.29411764705882354,
            [
                1,
                0,
                4
            ],
            1638297057.0177019,
            4.0,
            8.5,
            10.0,
            2.5,
            [
                "",
                "gu",
                "ci",
                "ce",
                "to"
            ]
        ],
        "13": [
            34.0,
            0.29411764705882354,
            [
                1,
                0,
                5
            ],
            1638297057.0177433,
            4.0,
            8.5,
            10.0,
            2.5,
            [
                "",
                "gu",
                "ci",
                "ce",
                "to"
            ]
        ],
        "14": [
            34.0,
            0.29411764705882354,
            [
                1,
                0,
                6
            ],
            1638297057.0177839,
            4.0,
            8.5,
            10.0,
            2.5,
            [
                "",
                "gu",
                "ci",
                "ce",
                "to"
            ]
        ],
        "15": [
            34.0,
            0.29411764705882354,
            [
                1,
                0,
                7
            ],
            1638297057.0178244,
            4.0,
            8.5,
            10.0,
            2.5,
            [
                "",
                "gu",
                "ci",
                "ce",
                "to"
            ]
        ],
        "16": [
            34.00002,
            8.96434046968453,
            [
                2,
                0,
                0
            ],
            1638297060.022427,
            6.0,
            5.66667,
            12.0,
            2.0,
            [
                "sa",
                "",
                "",
                "ce",
                "to"
            ]
        ],
        "17": [
            39.66669,
            0.25210069204160973,
            [
                2,
                0,
                1
            ],
            1638297060.0224829,
            7.0,
            5.66667,
            14.0,
            2.0,
            [
                "sa",
                "",
                "",
                "ce",
                "to"
            ]
        ],
        "18": [
            39.66669,
            0.25210069204160973,
            [
                2,
                0,
                2
            ],
            1638297060.0225263,
            7.0,
            5.66667,
            14.0,
            2.0,
            [
                "sa",
                "",
                "",
                "ce",
                "to"
            ]
        ],
        "19": [
            36.0,
            9.457983513938057,
            [
                2,
                1,
                0
            ],
            1638297060.0225694,
            8,
            4.5,
            12.0,
            1.5,
            [
                "",
                "gu",
                "",
                "",
                "to"
            ]
        ],
        "2": [
            38.333349999999996,
            11.187778346513525,
            [
                0,
                0,
                2
            ],
            1638297054.0137837,
            5.0,
            7.66667,
            12.5,
            2.5,
            [
                "sa",
                "",
                "ci",
                "ce",
                "to"
            ]
        ],
        "5": [
            38.333349999999996,
            11.18767137003739,
            [
                0,
                1,
                2
            ],
            1638297054.014339,
            5.0,
            7.66667,
            4.0,
            2.5,
            [
                "sa",
                "",
                "ci",
                "ce",
                "to"
            ]
        ],
        "6": [
            38.333349999999996,
            0.26086945179589055,
            [
                0,
                1,
                3
            ],
            1638297054.0144382,
            5.0,
            7.66667,
            12.5,
            2.5,
            [
                "sa",
                "",
                "ci",
                "ce",
                "to"
            ]
        ],
        "8": [
            25.5,
            7.277946247587018,
            [
                1,
                0,
                0
            ],
            1638297057.0175116,
            3.0,
            8.5,
            7.5,
            2.5,
            [
                "",
                "gu",
                "ci",
                "ce",
                "to"
            ]
        ],
        "9": [
            34.0,
            0.29411764705882354,
            [
                1,
                0,
                1
            ],
            1638297057.0175705,
            4.0,
            8.5,
            10.0,
            2.5,
            [
                "",
                "gu",
                "ci",
                "ce",
                "to"
            ]
        ]
    },
    "stackcounter": 20
}