{"name": "Omar", "ID": 0, "ordenes": {"4": [38.333349999999996, 6.011271936885849, [0, 1, 1], 1638057542.6546113, 5.0, 7.66667, 6.0, 2.5, ["sa", "", "ci", "ce", "to"]], "19": [36.0, 4.595638276206122, [2, 1, 0], 1638057548.6685953, 8, 4.5, 12.0, 1.5, ["", "gu", "", "", "to"]], "16": [34.00002, 4.372162744849349, [2, 0, 0], 1638057548.668219, 6.0, 5.66667, 12.0, 2.0, ["sa", "", "", "ce", "to"]], "8": [25.5, 3.8343242741916694, [1, 0, 0], 1638057545.6593118, 3.0, 8.5, 7.5, 2.5, ["", "gu", "ci", "ce", "to"]], "20": [35.833349999999996, 4.038909924772683, [3, 0, 0], 1638057551.6715662, 5.0, 7.16667, 10.0, 2.0, ["sa", "gu", "", "", "to"]], "22": [18, 2.173897456857893, [4, 0, 0], 1638057554.6751394, 6, 3, 9.0, 1.5, ["", "", "ci", "", "to"]], "23": [25, 2.2722039461135863, [5, 0, 0], 1638057557.6790872, 25, 1, 25, 1, ["", "", "", "", "to"]], "24": [39.66669, 2.6268255468304975, [6, 0, 0], 1638057560.6833258, 7.0, 5.66667, 14.0, 2.0, ["sa", "", "ci", "", "to"]], "30": [36.0, 2.4329183875189884, [6, 1, 0], 1638057560.6837204, 8.0, 4.5, 12.0, 1.5, ["", "gu", "", "", "to"]], "9": [34.0, 0.29411764705882354, [1, 0, 1], 1638057545.659375, 4.0, 8.5, 10.0, 2.5, ["", "gu", "ci", "ce", "to"]], "10": [34.0, 0.29411764705882354, [1, 0, 2], 1638057545.6645813, 4.0, 8.5, 10.0, 2.5, ["", "gu", "ci", "ce", "to"]], "11": [34.0, 0.29411764705882354, [1, 0, 3], 1638057545.66476, 4.0, 8.5, 10.0, 2.5, ["", "gu", "ci", "ce", "to"]], "12": [34.0, 0.29411764705882354, [1, 0, 4], 1638057545.6648371, 4.0, 8.5, 10.0, 2.5, ["", "gu", "ci", "ce", "to"]], "13": [34.0, 0.29411764705882354, [1, 0, 5], 1638057545.664895, 4.0, 8.5, 10.0, 2.5, ["", "gu", "ci", "ce", "to"]], "14": [34.0, 0.29411764705882354, [1, 0, 6], 1638057545.664948, 4.0, 8.5, 10.0, 2.5, ["", "gu", "ci", "ce", "to"]], "15": [34.0, 0.29411764705882354, [1, 0, 7], 1638057545.6649983, 4.0, 8.5, 10.0, 2.5, ["", "gu", "ci", "ce", "to"]], "21": [35.833349999999996, 0.279069637642029, [3, 0, 1], 1638057551.6716337, 5.0, 7.16667, 10.0, 2.0, ["sa", "gu", "", "", "to"]], "31": [36.0, 0.2777777777777778, [6, 1, 1], 1638057560.6837854, 8.0, 4.5, 12.0, 1.5, ["", "gu", "", "", "to"]], "32": [36.0, 0.2777777777777778, [6, 1, 2], 1638057560.6838477, 8.0, 4.5, 12.0, 1.5, ["", "gu", "", "", "to"]], "33": [36.0, 0.2777777777777778, [6, 1, 3], 1638057560.6839092, 8.0, 4.5, 12.0, 1.5, ["", "gu", "", "", "to"]], "34": [36.0, 0.2777777777777778, [6, 1, 4], 1638057560.6839852, 8.0, 4.5, 12.0, 1.5, ["", "gu", "", "", "to"]], "35": [36.0, 0.2777777777777778, [6, 1, 5], 1638057560.684098, 8.0, 4.5, 12.0, 1.5, ["", "gu", "", "", "to"]], "36": [36.0, 0.2777777777777778, [6, 1, 6], 1638057560.6841774, 8.0, 4.5, 12.0, 1.5, ["", "gu", "", "", "to"]], "37": [36.0, 0.2777777777777778, [6, 1, 7], 1638057560.6842613, 8.0, 4.5, 12.0, 1.5, ["", "gu", "", "", "to"]], "38": [36.0, 0.2777777777777778, [6, 1, 8], 1638057560.6843414, 8.0, 4.5, 12.0, 1.5, ["", "gu", "", "", "to"]], "39": [36.0, 0.2777777777777778, [6, 1, 9], 1638057560.6844275, 8.0, 4.5, 12.0, 1.5, ["", "gu", "", "", "to"]], "1": [38.333349999999996, 6.011316445680276, [0, 0, 1], 1638057542.654407, 5.0, 7.66667, 12.5, 2.5, ["sa", "", "ci", "ce", "to"]], "2": [38.333349999999996, 0.26086945179589055, [0, 0, 2], 1638057542.6544805, 5.0, 7.66667, 12.5, 2.5, ["sa", "", "ci", "ce", "to"]], "5": [38.333349999999996, 0.26086945179589055, [0, 1, 2], 1638057542.6546655, 5.0, 7.66667, 12.5, 2.5, ["sa", "", "ci", "ce", "to"]], "6": [38.333349999999996, 0.26086945179589055, [0, 1, 3], 1638057542.6547244, 5.0, 7.66667, 12.5, 2.5, ["sa", "", "ci", "ce", "to"]], "17": [39.66669, 0.25210069204160973, [2, 0, 1], 1638057548.668349, 7.0, 5.66667, 14.0, 2.0, ["sa", "", "", "ce", "to"]], "18": [39.66669, 0.25210069204160973, [2, 0, 2], 1638057548.668464, 7.0, 5.66667, 14.0, 2.0, ["sa", "", "", "ce", "to"]], "25": [39.66669, 0.25210069204160973, [6, 0, 1], 1638057560.6833985, 7.0, 5.66667, 14.0, 2.0, ["sa", "", "ci", "", "to"]], "26": [39.66669, 0.25210069204160973, [6, 0, 2], 1638057560.6834636, 7.0, 5.66667, 14.0, 2.0, ["sa", "", "ci", "", "to"]], "27": [39.66669, 0.25210069204160973, [6, 0, 3], 1638057560.6835265, 7.0, 5.66667, 14.0, 2.0, ["sa", "", "ci", "", "to"]], "28": [39.66669, 0.25210069204160973, [6, 0, 4], 1638057560.6835876, 7.0, 5.66667, 14.0, 2.0, ["sa", "", "ci", "", "to"]], "29": [39.66669, 0.25210069204160973, [6, 0, 5], 1638057560.6836498, 7.0, 5.66667, 14.0, 2.0, ["sa", "", "ci", "", "to"]]}, "stackcounter": 40}