{"name": "Omar", "ID": 0, "ordenes": {"1": [38.333349999999996, 9.200531642659382, [0, 0, 1], 1638045454.4598138, 5.0, 7.66667, 12.5, 2.5, ["sa", "", "ci", "ce", "to"]], "4": [38.333349999999996, 9.199681223086193, [0, 1, 1], 1638045454.4642253, 5.0, 7.66667, 0.5, 2.5, ["sa", "", "ci", "ce", "to"]], "19": [36.0, 7.590601273642646, [2, 1, 0], 1638045460.474693, 8, 4.5, 12.0, 1.5, ["", "gu", "", "", "to"]], "16": [34.00002, 7.200699150094987, [2, 0, 0], 1638045460.4745617, 6.0, 5.66667, 12.0, 2.0, ["sa", "", "", "ce", "to"]], "20": [35.833349999999996, 6.993787061397436, [3, 0, 0], 1638045463.6240163, 5.0, 7.16667, 10.0, 2.0, ["sa", "gu", "", "", "to"]], "8": [25.5, 5.955400797257237, [1, 0, 0], 1638045457.468201, 3.0, 8.5, 7.5, 2.5, ["", "gu", "ci", "ce", "to"]], "33": [36.0, 5.399545456038581, [6, 1, 0], 1638045472.647235, 8.0, 4.5, 12.0, 1.5, ["", "gu", "", "", "to"]], "43": [38.333349999999996, 4.988225507179275, [7, 0, 0], 1638045476.4370456, 5.0, 7.66667, 12.5, 2.5, ["sa", "", "ci", "ce", "to"]], "23": [25, 4.333006435632706, [5, 0, 0], 1638045469.6374443, 25, 1, 25, 1, ["", "", "", "", "to"]], "22": [18, 3.6578164407942033, [4, 0, 0], 1638045466.631929, 6, 3, 9.0, 1.5, ["", "", "ci", "", "to"]], "50": [22.66668, 3.2363560207310584, [7, 2, 0], 1638045476.438167, 4, 5.66667, 8.0, 2.0, ["sa", "", "", "ce", "to"]], "62": [36.0, 3.635912777052985, [9, 1, 0], 1638045482.4452026, 8, 4.5, 12.0, 1.5, ["", "gu", "", "", "to"]], "24": [15.33334, 2.8338910916958517, [6, 0, 0], 1638045472.6443257, 2.0, 7.66667, 5.0, 2.5, ["sa", "", "ci", "ce", "to"]], "59": [34.00002, 3.465710900531246, [9, 0, 0], 1638045482.4450855, 6.0, 5.66667, 12.0, 2.0, ["sa", "", "", "ce", "to"]], "51": [25.5, 3.1537662918661153, [8, 0, 0], 1638045479.4418235, 3.0, 8.5, 7.5, 2.5, ["", "gu", "ci", "ce", "to"]], "46": [7.66667, 2.249794524873091, [7, 1, 0], 1638045476.4376714, 1.0, 7.66667, 2.5, 2.5, ["sa", "", "ci", "ce", "to"]], "63": [35.833349999999996, 3.083520576787892, [10, 0, 0], 1638045485.4487813, 5.0, 7.16667, 10.0, 2.0, ["sa", "gu", "", "", "to"]], "65": [18, 1.619889309141371, [11, 0, 0], 1638045489.2755945, 6, 3, 9.0, 1.5, ["", "", "ci", "", "to"]], "67": [15.33334, 0.8825875607446855, [13, 0, 0], 1638045498.0961294, 2.0, 7.66667, 5.0, 2.5, ["sa", "", "ci", "ce", "to"]], "66": [25, 1.502591186761856, [12, 0, 0], 1638045492.2807965, 25, 1, 25, 1, ["", "", "", "", "to"]], "9": [34.0, 0.29411764705882354, [1, 0, 1], 1638045457.4682412, 4.0, 8.5, 10.0, 2.5, ["", "gu", "ci", "ce", "to"]], "10": [34.0, 0.29411764705882354, [1, 0, 2], 1638045457.4682763, 4.0, 8.5, 10.0, 2.5, ["", "gu", "ci", "ce", "to"]], "11": [34.0, 0.29411764705882354, [1, 0, 3], 1638045457.4683104, 4.0, 8.5, 10.0, 2.5, ["", "gu", "ci", "ce", "to"]], "12": [34.0, 0.29411764705882354, [1, 0, 4], 1638045457.4683435, 4.0, 8.5, 10.0, 2.5, ["", "gu", "ci", "ce", "to"]], "13": [34.0, 0.29411764705882354, [1, 0, 5], 1638045457.4683795, 4.0, 8.5, 10.0, 2.5, ["", "gu", "ci", "ce", "to"]], "14": [34.0, 0.29411764705882354, [1, 0, 6], 1638045457.468414, 4.0, 8.5, 10.0, 2.5, ["", "gu", "ci", "ce", "to"]], "15": [34.0, 0.29411764705882354, [1, 0, 7], 1638045457.4684482, 4.0, 8.5, 10.0, 2.5, ["", "gu", "ci", "ce", "to"]], "52": [34.0, 0.29411764705882354, [8, 0, 1], 1638045479.441871, 4.0, 8.5, 10.0, 2.5, ["", "gu", "ci", "ce", "to"]], "53": [34.0, 0.29411764705882354, [8, 0, 2], 1638045479.4420838, 4.0, 8.5, 10.0, 2.5, ["", "gu", "ci", "ce", "to"]], "54": [34.0, 0.29411764705882354, [8, 0, 3], 1638045479.4421275, 4.0, 8.5, 10.0, 2.5, ["", "gu", "ci", "ce", "to"]], "55": [34.0, 0.29411764705882354, [8, 0, 4], 1638045479.4421642, 4.0, 8.5, 10.0, 2.5, ["", "gu", "ci", "ce", "to"]], "56": [34.0, 0.29411764705882354, [8, 0, 5], 1638045479.4422326, 4.0, 8.5, 10.0, 2.5, ["", "gu", "ci", "ce", "to"]], "57": [34.0, 0.29411764705882354, [8, 0, 6], 1638045479.442306, 4.0, 8.5, 10.0, 2.5, ["", "gu", "ci", "ce", "to"]], "58": [34.0, 0.29411764705882354, [8, 0, 7], 1638045479.4423516, 4.0, 8.5, 10.0, 2.5, ["", "gu", "ci", "ce", "to"]], "21": [35.833349999999996, 0.279069637642029, [3, 0, 1], 1638045463.624068, 5.0, 7.16667, 10.0, 2.0, ["sa", "gu", "", "", "to"]], "64": [35.833349999999996, 0.279069637642029, [10, 0, 1], 1638045485.4488292, 5.0, 7.16667, 10.0, 2.0, ["sa", "gu", "", "", "to"]], "34": [36.0, 0.2777777777777778, [6, 1, 1], 1638045472.6477034, 8.0, 4.5, 12.0, 1.5, ["", "gu", "", "", "to"]], "35": [36.0, 0.2777777777777778, [6, 1, 2], 1638045472.6480138, 8.0, 4.5, 12.0, 1.5, ["", "gu", "", "", "to"]], "36": [36.0, 0.2777777777777778, [6, 1, 3], 1638045472.6483116, 8.0, 4.5, 12.0, 1.5, ["", "gu", "", "", "to"]], "37": [36.0, 0.2777777777777778, [6, 1, 4], 1638045472.6484659, 8.0, 4.5, 12.0, 1.5, ["", "gu", "", "", "to"]], "38": [36.0, 0.2777777777777778, [6, 1, 5], 1638045472.6485193, 8.0, 4.5, 12.0, 1.5, ["", "gu", "", "", "to"]], "39": [36.0, 0.2777777777777778, [6, 1, 6], 1638045472.6491575, 8.0, 4.5, 12.0, 1.5, ["", "gu", "", "", "to"]], "40": [36.0, 0.2777777777777778, [6, 1, 7], 1638045472.6494093, 8.0, 4.5, 12.0, 1.5, ["", "gu", "", "", "to"]], "41": [36.0, 0.2777777777777778, [6, 1, 8], 1638045472.6498563, 8.0, 4.5, 12.0, 1.5, ["", "gu", "", "", "to"]], "42": [36.0, 0.2777777777777778, [6, 1, 9], 1638045472.6501014, 8.0, 4.5, 12.0, 1.5, ["", "gu", "", "", "to"]], "76": [36.0, 0.8186915312872992, [13, 1, 0], 1638045498.0964522, 8.0, 4.5, 12.0, 1.5, ["", "gu", "", "", "to"]], "77": [36.0, 0.2777777777777778, [13, 1, 1], 1638045498.0964847, 8.0, 4.5, 12.0, 1.5, ["", "gu", "", "", "to"]], "78": [36.0, 0.2777777777777778, [13, 1, 2], 1638045498.0965154, 8.0, 4.5, 12.0, 1.5, ["", "gu", "", "", "to"]], "79": [36.0, 0.2777777777777778, [13, 1, 3], 1638045498.0965464, 8.0, 4.5, 12.0, 1.5, ["", "gu", "", "", "to"]], "80": [36.0, 0.2777777777777778, [13, 1, 4], 1638045498.0965772, 8.0, 4.5, 12.0, 1.5, ["", "gu", "", "", "to"]], "81": [36.0, 0.2777777777777778, [13, 1, 5], 1638045498.0966074, 8.0, 4.5, 12.0, 1.5, ["", "gu", "", "", "to"]], "82": [36.0, 0.2777777777777778, [13, 1, 6], 1638045498.0966377, 8.0, 4.5, 12.0, 1.5, ["", "gu", "", "", "to"]], "83": [36.0, 0.2777777777777778, [13, 1, 7], 1638045498.0966685, 8.0, 4.5, 12.0, 1.5, ["", "gu", "", "", "to"]], "84": [36.0, 0.2777777777777778, [13, 1, 8], 1638045498.0967011, 8.0, 4.5, 12.0, 1.5, ["", "gu", "", "", "to"]], "85": [36.0, 0.2777777777777778, [13, 1, 9], 1638045498.096733, 8.0, 4.5, 12.0, 1.5, ["", "gu", "", "", "to"]], "2": [38.333349999999996, 0.26086945179589055, [0, 0, 2], 1638045454.4600284, 5.0, 7.66667, 12.5, 2.5, ["sa", "", "ci", "ce", "to"]], "5": [38.333349999999996, 0.26086945179589055, [0, 1, 2], 1638045454.4643378, 5.0, 7.66667, 12.5, 2.5, ["sa", "", "ci", "ce", "to"]], "6": [38.333349999999996, 0.26086945179589055, [0, 1, 3], 1638045454.4644048, 5.0, 7.66667, 12.5, 2.5, ["sa", "", "ci", "ce", "to"]], "25": [38.333349999999996, 0.26086945179589055, [6, 0, 1], 1638045472.6453185, 5.0, 7.66667, 12.5, 2.5, ["sa", "", "ci", "ce", "to"]], "26": [38.333349999999996, 0.26086945179589055, [6, 0, 2], 1638045472.6459894, 5.0, 7.66667, 12.5, 2.5, ["sa", "", "ci", "ce", "to"]], "27": [38.333349999999996, 0.26086945179589055, [6, 0, 3], 1638045472.6463552, 5.0, 7.66667, 12.5, 2.5, ["sa", "", "ci", "ce", "to"]], "28": [38.333349999999996, 0.26086945179589055, [6, 0, 4], 1638045472.6464386, 5.0, 7.66667, 12.5, 2.5, ["sa", "", "ci", "ce", "to"]], "29": [38.333349999999996, 0.26086945179589055, [6, 0, 5], 1638045472.646669, 5.0, 7.66667, 12.5, 2.5, ["sa", "", "ci", "ce", "to"]], "30": [38.333349999999996, 0.26086945179589055, [6, 0, 6], 1638045472.6467354, 5.0, 7.66667, 12.5, 2.5, ["sa", "", "ci", "ce", "to"]], "31": [38.333349999999996, 0.26086945179589055, [6, 0, 7], 1638045472.6470115, 5.0, 7.66667, 12.5, 2.5, ["sa", "", "ci", "ce", "to"]], "32": [38.333349999999996, 0.26086945179589055, [6, 0, 8], 1638045472.6470754, 5.0, 7.66667, 12.5, 2.5, ["sa", "", "ci", "ce", "to"]],