{
    "ID": 0,
    "Owl": false,
    "chalan": "Julio",
    "completedOrdersCounter": 0,
    "completedStackCOunter": 2,
    "cooking": true,
    "currentCebolla": 194,
    "currentCilantro": 194,
    "currentGuacamole": 100,
    "currentSalsa": 144,
    "currentTortillas": 49,
    "currentWorkingOrder": 0,
    "currentWorkingSuborder": 1,
    "isFanActive": false,
    "name": "Omar",
    "ordenes": {
        "2": [
            38.333349999999996,
            33.067168174829796,
            [
                0,
                1,
                2
            ],
            1638483208.980944,
            5.0,
            7.66667,
            12.5,
            2.5,
            [
                "sa",
                "",
                "ci",
                "ce",
                "to"
            ]
        ],
        "3": [
            38.333349999999996,
            0.26086945179589055,
            [
                0,
                1,
                3
            ],
            1638483208.9809973,
            5.0,
            7.66667,
            12.5,
            2.5,
            [
                "sa",
                "",
                "ci",
                "ce",
                "to"
            ]
        ],
        "4": [
            34.00002,
            28.370661268076134,
            [
                2,
                0,
                0
            ],
            1638483214.9881177,
            6.0,
            5.66667,
            12.0,
            2.0,
            [
                "sa",
                "",
                "",
                "ce",
                "to"
            ]
        ],
        "5": [
            39.66669,
            0.25210069204160973,
            [
                2,
                0,
                1
            ],
            1638483214.9882338,
            7.0,
            5.66667,
            14.0,
            2.0,
            [
                "sa",
                "",
                "",
                "ce",
                "to"
            ]
        ],
        "6": [
            39.66669,
            0.25210069204160973,
            [
                2,
                0,
                2
            ],
            1638483214.988325,
            7.0,
            5.66667,
            14.0,
            2.0,
            [
                "sa",
                "",
                "",
                "ce",
                "to"
            ]
        ],
        "7": [
            36.0,
            30.00581145392524,
            [
                2,
                1,
                0
            ],
            1638483214.9884212,
            8,
            4.5,
            12.0,
            1.5,
            [
                "",
                "gu",
                "",
                "",
                "to"
            ]
        ],
        "8": [
            35.833349999999996,
            29.331085420224248,
            [
                3,
                0,
                0
            ],
            1638483217.993455,
            5.0,
            7.16667,
            10.0,
            2.0,
            [
                "sa",
                "gu",
                "",
                "",
                "to"
            ]
        ],
        "9": [
            35.833349999999996,
            0.279069637642029,
            [
                3,
                0,
                1
            ],
            1638483218.0033371,
            5.0,
            7.16667,
            10.0,
            2.0,
            [
                "sa",
                "gu",
                "",
                "",
                "to"
            ]
        ]
    },
    "resting": false,
    "stackcounter": 10,
    "suborderCounter": 0
}