{
    "ID": 0,
    "Owl": false,
    "chalan": "Julio",
    "cooking": true,
    "currentCebolla": 132,
    "currentCilantro": 155,
    "currentGuacamole": 90,
    "currentSalsa": 95,
    "currentTortillas": 38,
    "currentWorkingOrder": 1,
    "currentWorkingSuborder": 0,
    "isFanActive": true,
    "name": "Omar",
    "ordenes": {
        "11": [
            34.0,
            33.983477486021386,
            [
                1,
                0,
                3
            ],
            1638302924.8750606,
            4.0,
            8.5,
            3.5,
            2.5,
            [
                "",
                "gu",
                "ci",
                "ce",
                "to"
            ]
        ],
        "12": [
            34.0,
            0.29411764705882354,
            [
                1,
                0,
                4
            ],
            1638302924.8802588,
            4.0,
            8.5,
            10.0,
            2.5,
            [
                "",
                "gu",
                "ci",
                "ce",
                "to"
            ]
        ],
        "13": [
            34.0,
            0.29411764705882354,
            [
                1,
                0,
                5
            ],
            1638302924.8856666,
            4.0,
            8.5,
            10.0,
            2.5,
            [
                "",
                "gu",
                "ci",
                "ce",
                "to"
            ]
        ],
        "14": [
            34.0,
            0.29411764705882354,
            [
                1,
                0,
                6
            ],
            1638302924.8858736,
            4.0,
            8.5,
            10.0,
            2.5,
            [
                "",
                "gu",
                "ci",
                "ce",
                "to"
            ]
        ],
        "15": [
            34.0,
            0.29411764705882354,
            [
                1,
                0,
                7
            ],
            1638302924.8859787,
            4.0,
            8.5,
            10.0,
            2.5,
            [
                "",
                "gu",
                "ci",
                "ce",
                "to"
            ]
        ]
    },
    "resting": false,
    "stackcounter": 20
}