{
    "ID": 0,
    "Owl": false,
    "chalan": "Julio",
    "cooking": true,
    "currentCebolla": 169,
    "currentCilantro": 169,
    "currentGuacamole": 92,
    "currentSalsa": 118,
    "currentTortillas": 41,
    "currentWorkingOrder": 2,
    "currentWorkingSuborder": 0,
    "isFanActive": true,
    "name": "Omar",
    "ordenes": {
        "10": [
            34.0,
            0.29411764705882354,
            [
                1,
                0,
                2
            ],
            1638385654.3623633,
            4.0,
            8.5,
            10.0,
            2.5,
            [
                "",
                "gu",
                "ci",
                "ce",
                "to"
            ]
        ],
        "11": [
            34.0,
            0.29411764705882354,
            [
                1,
                0,
                3
            ],
            1638385654.3682919,
            4.0,
            8.5,
            10.0,
            2.5,
            [
                "",
                "gu",
                "ci",
                "ce",
                "to"
            ]
        ],
        "12": [
            34.0,
            0.29411764705882354,
            [
                1,
                0,
                4
            ],
            1638385654.3735301,
            4.0,
            8.5,
            10.0,
            2.5,
            [
                "",
                "gu",
                "ci",
                "ce",
                "to"
            ]
        ],
        "13": [
            34.0,
            0.29411764705882354,
            [
                1,
                0,
                5
            ],
            1638385654.390273,
            4.0,
            8.5,
            10.0,
            2.5,
            [
                "",
                "gu",
                "ci",
                "ce",
                "to"
            ]
        ],
        "14": [
            34.0,
            0.29411764705882354,
            [
                1,
                0,
                6
            ],
            1638385654.3904338,
            4.0,
            8.5,
            10.0,
            2.5,
            [
                "",
                "gu",
                "ci",
                "ce",
                "to"
            ]
        ],
        "15": [
            34.0,
            0.29411764705882354,
            [
                1,
                0,
                7
            ],
            1638385654.3905113,
            4.0,
            8.5,
            10.0,
            2.5,
            [
                "",
                "gu",
                "ci",
                "ce",
                "to"
            ]
        ],
        "16": [
            34.00002,
            14.887800909027028,
            [
                2,
                0,
                0
            ],
            1638385657.4602647,
            6.0,
            5.66667,
            11.0,
            2.0,
            [
                "sa",
                "",
                "",
                "ce",
                "to"
            ]
        ],
        "17": [
            39.66669,
            0.25210069204160973,
            [
                2,
                0,
                1
            ],
            1638385657.46041,
            7.0,
            5.66667,
            14.0,
            2.0,
            [
                "sa",
                "",
                "",
                "ce",
                "to"
            ]
        ],
        "18": [
            39.66669,
            0.25210069204160973,
            [
                2,
                0,
                2
            ],
            1638385657.4605007,
            7.0,
            5.66667,
            14.0,
            2.0,
            [
                "sa",
                "",
                "",
                "ce",
                "to"
            ]
        ],
        "7": [
            22.66668,
            10.883429089461602,
            [
                0,
                2,
                0
            ],
            1638385651.1679409,
            4,
            5.66667,
            8.0,
            2.0,
            [
                "sa",
                "",
                "",
                "ce",
                "to"
            ]
        ],
        "8": [
            25.5,
            11.736387882957272,
            [
                1,
                0,
                0
            ],
            1638385654.331048,
            3.0,
            8.5,
            7.5,
            2.5,
            [
                "",
                "gu",
                "ci",
                "ce",
                "to"
            ]
        ],
        "9": [
            34.0,
            0.29411764705882354,
            [
                1,
                0,
                1
            ],
            1638385654.3363175,
            4.0,
            8.5,
            10.0,
            2.5,
            [
                "",
                "gu",
                "ci",
                "ce",
                "to"
            ]
        ]
    },
    "resting": false,
    "stackcounter": 20
}