{
    "ID": 0,
    "Owl": false,
    "chalan": "Julio",
    "completedOrdersCounter": 1,
    "completedStackCOunter": 8,
    "cooking": true,
    "currentCebolla": 165,
    "currentCilantro": 184,
    "currentGuacamole": 95,
    "currentSalsa": 110,
    "currentTortillas": 40,
    "currentWorkingOrder": 2,
    "currentWorkingSuborder": 0,
    "isFanActive": true,
    "name": "Omar",
    "ordenes": {
        "10": [
            30,
            12.49507060845693,
            [
                6,
                0,
                0
            ],
            1638476472.4579525,
            10,
            3,
            15.0,
            1.5,
            [
                "",
                "",
                "ci",
                "",
                "to"
            ]
        ],
        "6": [
            39.66669,
            18.716063922880004,
            [
                2,
                0,
                2
            ],
            1638476460.4406471,
            7.0,
            5.66667,
            2.5,
            2.0,
            [
                "sa",
                "",
                "",
                "ce",
                "to"
            ]
        ],
        "9": [
            35.833349999999996,
            16.420454927087842,
            [
                3,
                0,
                1
            ],
            1638476463.4447966,
            5.0,
            7.16667,
            10.0,
            2.0,
            [
                "sa",
                "gu",
                "",
                "",
                "to"
            ]
        ]
    },
    "resting": false,
    "stackcounter": 11,
    "suborderCounter": 2
}