{"name": "Omar", "ID": 0, "ordenes": {"2": [38.333349999999996, 13.881576754410698, [0, 0, 2], 1638228641.543868, 5.0, 7.66667, 1.5, 2.5, ["sa", "", "ci", "ce", "to"]], "19": [36.0, 11.98806767569648, [2, 1, 0], 1638228647.5512197, 8, 4.5, 12.0, 1.5, ["", "gu", "", "", "to"]], "16": [34.00002, 11.353875938632036, [2, 0, 0], 1638228647.5510178, 6.0, 5.66667, 12.0, 2.0, ["sa", "", "", "ce", "to"]], "20": [35.833349999999996, 11.397023961767378, [3, 0, 0], 1638228650.554719, 5.0, 7.16667, 10.0, 2.0, ["sa", "gu", "", "", "to"]], "8": [25.5, 9.069997635612301, [1, 0, 0], 1638228644.5468798, 3.0, 8.5, 7.5, 2.5, ["", "gu", "ci", "ce", "to"]], "22": [18, 5.869991328451368, [4, 0, 0], 1638228653.5591073, 6, 3, 9.0, 1.5, ["", "", "ci", "", "to"]], "9": [34.0, 0.29411764705882354, [1, 0, 1], 1638228644.5469692, 4.0, 8.5, 10.0, 2.5, ["", "gu", "ci", "ce", "to"]], "10": [34.0, 0.29411764705882354, [1, 0, 2], 1638228644.5470433, 4.0, 8.5, 10.0, 2.5, ["", "gu", "ci", "ce", "to"]], "11": [34.0, 0.29411764705882354, [1, 0, 3], 1638228644.547114, 4.0, 8.5, 10.0, 2.5, ["", "gu", "ci", "ce", "to"]], "12": [34.0, 0.29411764705882354, [1, 0, 4], 1638228644.547185, 4.0, 8.5, 10.0, 2.5, ["", "gu", "ci", "ce", "to"]], "13": [34.0, 0.29411764705882354, [1, 0, 5], 1638228644.5472574, 4.0, 8.5, 10.0, 2.5, ["", "gu", "ci", "ce", "to"]], "14": [34.0, 0.29411764705882354, [1, 0, 6], 1638228644.5473273, 4.0, 8.5, 10.0, 2.5, ["", "gu", "ci", "ce", "to"]], "15": [34.0, 0.29411764705882354, [1, 0, 7], 1638228644.547395, 4.0, 8.5, 10.0, 2.5, ["", "gu", "ci", "ce", "to"]], "21": [35.833349999999996, 0.279069637642029, [3, 0, 1], 1638228650.5547774, 5.0, 7.16667, 10.0, 2.0, ["sa", "gu", "", "", "to"]], "6": [38.333349999999996, 13.881537043792262, [0, 1, 3], 1638228641.544078, 5.0, 7.66667, 12.5, 2.5, ["sa", "", "ci", "ce", "to"]], "17": [39.66669, 0.25210069204160973, [2, 0, 1], 1638228647.5510871, 7.0, 5.66667, 14.0, 2.0, ["sa", "", "", "ce", "to"]], "18": [39.66669, 0.25210069204160973, [2, 0, 2], 1638228647.5511541, 7.0, 5.66667, 14.0, 2.0, ["sa", "", "", "ce", "to"]]}, "stackcounter": 23, "isFanActive": false, "chalan": "Julio", "cooking": true}