{
    "ID": 0,
    "Owl": false,
    "chalan": "Julio",
    "cooking": true,
    "currentCebolla": 158,
    "currentCilantro": 168,
    "currentGuacamole": 99,
    "currentSalsa": 109,
    "currentTortillas": 37,
    "currentWorkingOrder": 1,
    "currentWorkingSuborder": 0,
    "isFanActive": true,
    "name": "Omar",
    "ordenes": {
        "10": [
            34.0,
            0.29411764705882354,
            [
                1,
                0,
                2
            ],
            1638349870.8872519,
            4.0,
            8.5,
            10.0,
            2.5,
            [
                "",
                "gu",
                "ci",
                "ce",
                "to"
            ]
        ],
        "11": [
            34.0,
            0.29411764705882354,
            [
                1,
                0,
                3
            ],
            1638349870.8925557,
            4.0,
            8.5,
            10.0,
            2.5,
            [
                "",
                "gu",
                "ci",
                "ce",
                "to"
            ]
        ],
        "12": [
            34.0,
            0.29411764705882354,
            [
                1,
                0,
                4
            ],
            1638349870.897876,
            4.0,
            8.5,
            10.0,
            2.5,
            [
                "",
                "gu",
                "ci",
                "ce",
                "to"
            ]
        ],
        "13": [
            34.0,
            0.29411764705882354,
            [
                1,
                0,
                5
            ],
            1638349870.9083414,
            4.0,
            8.5,
            10.0,
            2.5,
            [
                "",
                "gu",
                "ci",
                "ce",
                "to"
            ]
        ],
        "14": [
            34.0,
            0.29411764705882354,
            [
                1,
                0,
                6
            ],
            1638349870.9135103,
            4.0,
            8.5,
            10.0,
            2.5,
            [
                "",
                "gu",
                "ci",
                "ce",
                "to"
            ]
        ],
        "15": [
            34.0,
            0.29411764705882354,
            [
                1,
                0,
                7
            ],
            1638349870.9187083,
            4.0,
            8.5,
            10.0,
            2.5,
            [
                "",
                "gu",
                "ci",
                "ce",
                "to"
            ]
        ],
        "17": [
            39.66669,
            26.27995533257277,
            [
                2,
                0,
                1
            ],
            1638349874.0108273,
            7.0,
            5.66667,
            14.0,
            2.0,
            [
                "sa",
                "",
                "",
                "ce",
                "to"
            ]
        ],
        "18": [
            39.66669,
            0.25210069204160973,
            [
                2,
                0,
                2
            ],
            1638349874.0109916,
            7.0,
            5.66667,
            14.0,
            2.0,
            [
                "sa",
                "",
                "",
                "ce",
                "to"
            ]
        ],
        "8": [
            25.5,
            17.52261920405369,
            [
                1,
                0,
                0
            ],
            1638349870.8870602,
            3.0,
            8.5,
            5.5,
            2.5,
            [
                "",
                "gu",
                "ci",
                "ce",
                "to"
            ]
        ],
        "9": [
            34.0,
            0.29411764705882354,
            [
                1,
                0,
                1
            ],
            1638349870.8871458,
            4.0,
            8.5,
            10.0,
            2.5,
            [
                "",
                "gu",
                "ci",
                "ce",
                "to"
            ]
        ]
    },
    "resting": false,
    "stackcounter": 20
}