{
    "ID": 0,
    "chalan": "Julio",
    "cooking": true,
    "isFanActive": false,
    "name": "Omar",
    "ordenes": {
        "0": [
            38.333349999999996,
            4.481411313636974,
            [
                0,
                0,
                0
            ],
            1638300376.8387167,
            5.0,
            7.66667,
            1.5,
            2.5,
            [
                "sa",
                "",
                "ci",
                "ce",
                "to"
            ]
        ],
        "1": [
            38.333349999999996,
            0.26086945179589055,
            [
                0,
                0,
                1
            ],
            1638300376.8387678,
            5.0,
            7.66667,
            12.5,
            2.5,
            [
                "sa",
                "",
                "ci",
                "ce",
                "to"
            ]
        ],
        "10": [
            34.0,
            0.29411764705882354,
            [
                1,
                0,
                2
            ],
            1638300379.8499358,
            4.0,
            8.5,
            10.0,
            2.5,
            [
                "",
                "gu",
                "ci",
                "ce",
                "to"
            ]
        ],
        "11": [
            34.0,
            0.29411764705882354,
            [
                1,
                0,
                3
            ],
            1638300379.8550887,
            4.0,
            8.5,
            10.0,
            2.5,
            [
                "",
                "gu",
                "ci",
                "ce",
                "to"
            ]
        ],
        "12": [
            34.0,
            0.29411764705882354,
            [
                1,
                0,
                4
            ],
            1638300379.8602371,
            4.0,
            8.5,
            10.0,
            2.5,
            [
                "",
                "gu",
                "ci",
                "ce",
                "to"
            ]
        ],
        "13": [
            34.0,
            0.29411764705882354,
            [
                1,
                0,
                5
            ],
            1638300379.860311,
            4.0,
            8.5,
            10.0,
            2.5,
            [
                "",
                "gu",
                "ci",
                "ce",
                "to"
            ]
        ],
        "14": [
            34.0,
            0.29411764705882354,
            [
                1,
                0,
                6
            ],
            1638300379.8603616,
            4.0,
            8.5,
            10.0,
            2.5,
            [
                "",
                "gu",
                "ci",
                "ce",
                "to"
            ]
        ],
        "15": [
            34.0,
            0.29411764705882354,
            [
                1,
                0,
                7
            ],
            1638300379.8654826,
            4.0,
            8.5,
            10.0,
            2.5,
            [
                "",
                "gu",
                "ci",
                "ce",
                "to"
            ]
        ],
        "16": [
            34.00002,
            3.010036935493113,
            [
                2,
                0,
                0
            ],
            1638300382.8829513,
            6.0,
            5.66667,
            12.0,
            2.0,
            [
                "sa",
                "",
                "",
                "ce",
                "to"
            ]
        ],
        "17": [
            39.66669,
            0.25210069204160973,
            [
                2,
                0,
                1
            ],
            1638300382.8830044,
            7.0,
            5.66667,
            14.0,
            2.0,
            [
                "sa",
                "",
                "",
                "ce",
                "to"
            ]
        ],
        "18": [
            39.66669,
            0.25210069204160973,
            [
                2,
                0,
                2
            ],
            1638300382.8830433,
            7.0,
            5.66667,
            14.0,
            2.0,
            [
                "sa",
                "",
                "",
                "ce",
                "to"
            ]
        ],
        "19": [
            36.0,
            3.1534325991736516,
            [
                2,
                1,
                0
            ],
            1638300382.883082,
            8,
            4.5,
            12.0,
            1.5,
            [
                "",
                "gu",
                "",
                "",
                "to"
            ]
        ],
        "2": [
            38.333349999999996,
            0.26086945179589055,
            [
                0,
                0,
                2
            ],
            1638300376.8388066,
            5.0,
            7.66667,
            12.5,
            2.5,
            [
                "sa",
                "",
                "ci",
                "ce",
                "to"
            ]
        ],
        "4": [
            38.333349999999996,
            4.48138023973532,
            [
                0,
                1,
                1
            ],
            1638300376.8388848,
            5.0,
            7.66667,
            12.5,
            2.5,
            [
                "sa",
                "",
                "ci",
                "ce",
                "to"
            ]
        ],
        "5": [
            38.333349999999996,
            0.26086945179589055,
            [
                0,
                1,
                2
            ],
            1638300376.838923,
            5.0,
            7.66667,
            12.5,
            2.5,
            [
                "sa",
                "",
                "ci",
                "ce",
                "to"
            ]
        ],
        "6": [
            38.333349999999996,
            0.26086945179589055,
            [
                0,
                1,
                3
            ],
            1638300376.8389585,
            5.0,
            7.66667,
            12.5,
            2.5,
            [
                "sa",
                "",
                "ci",
                "ce",
                "to"
            ]
        ],
        "8": [
            25.5,
            2.816482254395298,
            [
                1,
                0,
                0
            ],
            1638300379.8446183,
            3.0,
            8.5,
            7.5,
            2.5,
            [
                "",
                "gu",
                "ci",
                "ce",
                "to"
            ]
        ],
        "9": [
            34.0,
            0.29411764705882354,
            [
                1,
                0,
                1
            ],
            1638300379.8447378,
            4.0,
            8.5,
            10.0,
            2.5,
            [
                "",
                "gu",
                "ci",
                "ce",
                "to"
            ]
        ]
    },
    "stackcounter": 20
}