{
    "name": "Omar",
    "ID": 0,
    "ordenes": {
        "0": [38.333349999999996, 3.9358508893355277, [0, 0, 0], 1638213661.2605052, 5.0, 7.66667, 3.5, 2.5, ["sa", "", "ci", "ce", "to"]],
        "4": [38.333349999999996, 3.935468588951364, [0, 1, 1], 1638213661.2624998, 5.0, 7.66667, 12.5, 2.5, ["sa", "", "ci", "ce", "to"]],
        "8": [25.5, 2.4523110420797387, [1, 0, 0], 1638213664.276241, 3.0, 8.5, 7.5, 2.5, ["", "gu", "ci", "ce", "to"]],
        "19": [36.0, 2.644234615431891, [2, 1, 0], 1638213667.2873306, 8, 4.5, 12.0, 1.5, ["", "gu", "", "", "to"]],
        "16": [34.00002, 2.529105802086784, [2, 0, 0], 1638213667.2873306, 6.0, 5.66667, 12.0, 2.0, ["sa", "", "", "ce", "to"]],
        "20": [35.833349999999996, 2.0943654430998593, [3, 0, 0], 1638213670.3024342, 5.0, 7.16667, 10.0, 2.0, ["sa", "gu", "", "", "to"]],
        "22": [18, 1.1960763809416028, [4, 0, 0], 1638213673.317415, 6, 3, 9.0, 1.5, ["", "", "ci", "", "to"]],
        "9": [34.0, 0.29411764705882354, [1, 0, 1], 1638213664.276241, 4.0, 8.5, 10.0, 2.5, ["", "gu", "ci", "ce", "to"]],
        "10": [34.0, 0.29411764705882354, [1, 0, 2], 1638213664.276241, 4.0, 8.5, 10.0, 2.5, ["", "gu", "ci", "ce", "to"]],
        "11": [34.0, 0.29411764705882354, [1, 0, 3], 1638213664.276241, 4.0, 8.5, 10.0, 2.5, ["", "gu", "ci", "ce", "to"]],
        "12": [34.0, 0.29411764705882354, [1, 0, 4], 1638213664.276241, 4.0, 8.5, 10.0, 2.5, ["", "gu", "ci", "ce", "to"]],
        "13": [34.0, 0.29411764705882354, [1, 0, 5], 1638213664.276241, 4.0, 8.5, 10.0, 2.5, ["", "gu", "ci", "ce", "to"]],
        "14": [34.0, 0.29411764705882354, [1, 0, 6], 1638213664.276241, 4.0, 8.5, 10.0, 2.5, ["", "gu", "ci", "ce", "to"]],
        "15": [34.0, 0.29411764705882354, [1, 0, 7], 1638213664.276241, 4.0, 8.5, 10.0, 2.5, ["", "gu", "ci", "ce", "to"]],
        "21": [35.833349999999996, 0.279069637642029, [3, 0, 1], 1638213670.3024342, 5.0, 7.16667, 10.0, 2.0, ["sa", "gu", "", "", "to"]],
        "1": [38.333349999999996, 0.26086945179589055, [0, 0, 1], 1638213661.2605052, 5.0, 7.66667, 12.5, 2.5, ["sa", "", "ci", "ce", "to"]],
        "2": [38.333349999999996, 0.26086945179589055, [0, 0, 2], 1638213661.2615025, 5.0, 7.66667, 12.5, 2.5, ["sa", "", "ci", "ce", "to"]],
        "5": [38.333349999999996, 0.26086945179589055, [0, 1, 2], 1638213661.2634976, 5.0, 7.66667, 12.5, 2.5, ["sa", "", "ci", "ce", "to"]],
        "6": [38.333349999999996, 0.26086945179589055, [0, 1, 3], 1638213661.2634976, 5.0, 7.66667, 12.5, 2.5, ["sa", "", "ci", "ce", "to"]],
        "17": [39.66669, 0.25210069204160973, [2, 0, 1], 1638213667.2873306, 7.0, 5.66667, 14.0, 2.0, ["sa", "", "", "ce", "to"]],
        "18": [39.66669, 0.25210069204160973, [2, 0, 2], 1638213667.2873306, 7.0, 5.66667, 14.0, 2.0, ["sa", "", "", "ce", "to"]]
    },
    "stackcounter": 23,
    "isFanActive": false,
    "chalan": "Julio",
    "cooking": true
}